[{"model": "admin.logentry", "pk": 1, "fields": {"action_time": "2024-08-07T18:20:17.841Z", "user": 2, "content_type": 15, "object_id": "17", "object_repr": "CA0DD810D6B8461D8216F81EC091552A", "action_flag": 1, "change_message": "[{\"added\": {}}]"}}, {"model": "admin.logentry", "pk": 2, "fields": {"action_time": "2024-08-07T18:20:22.170Z", "user": 2, "content_type": 15, "object_id": "17", "object_repr": "CA0DD810D6B8461D8216F81EC091552A", "action_flag": 2, "change_message": "[{\"changed\": {\"fields\": [\"County\"]}}]"}}, {"model": "admin.logentry", "pk": 3, "fields": {"action_time": "2024-08-07T18:20:25.348Z", "user": 2, "content_type": 15, "object_id": "17", "object_repr": "CA0DD810D6B8461D8216F81EC091552A", "action_flag": 2, "change_message": "[{\"changed\": {\"fields\": [\"County\"]}}]"}}, {"model": "auth.user", "pk": 1, "fields": {"password": "pbkdf2_sha256$260000$ZLYjJHxQRcFFS24OkqKJCQ$kI1w0x7fzkyyDV2LW+McEKX5eQo7t8e+yGJngk9EUfw=", "last_login": null, "is_superuser": false, "username": "holly", "first_name": "", "last_name": "", "email": "fidih57304@biscoine.com", "is_staff": false, "is_active": true, "date_joined": "2024-08-07T17:25:46.965Z", "groups": [], "user_permissions": []}}, {"model": "auth.user", "pk": 2, "fields": {"password": "pbkdf2_sha256$260000$9qBQCFmbrlmCxkiGGSY9vX$wBe4zV4a7AZO7piZPqbrrUfQF2Masr6PEPmGF2ILpvE=", "last_login": "2024-08-07T18:19:48.462Z", "is_superuser": true, "username": "test", "first_name": "", "last_name": "", "email": "maria_costinel@yahoo.com", "is_staff": true, "is_active": true, "date_joined": "2024-08-07T18:00:46.987Z", "groups": [], "user_permissions": []}}, {"model": "sessions.session", "pk": "5b86x5u2dmokugwhq9bvxqe0eunpk4g8", "fields": {"session_data": "eyJzYXZlX2luZm8iOmZhbHNlfQ:1sbjw4:AN-nK7C8xF7Fl2X5yCw-g8eE-9UE32PzUzMaomAqtio", "expire_date": "2024-08-21T16:54:52.345Z"}}, {"model": "sessions.session", "pk": "71kx51l2sz5tk69jtqa1vjtl7qt7sk02", "fields": {"session_data": ".eJwtjMEOgyAQBf9lz2aJ9VQ-oP_x3KLSsIhA07SGf68mXuYwycxOglzJ7nTrT0aoI0sP5AkhOOrIK-ZTLbWmYo0ZXQiQt4iP4DIwFL814lNYVjXqnh5munJ-pflYbPVLtu8oZS_HauB7a-0PsQEo3g:1sbkJc:LX01e4FO6c1XP6dt4KD5KtHtE6TfFz1qt6cdaHnj3FM", "expire_date": "2024-08-21T17:19:12.043Z"}}, {"model": "sessions.session", "pk": "ad3ozy2burpps516efsgliil52cp7je8", "fields": {"session_data": "eyJjYXJ0Ijp7IjE2Ijp7Im5hbWUiOiJCYXNpbCIsImltYWdlIjoiL21lZGlhL2Jhc2lsLmpwZyIsInF0eSI6MSwicHJpY2UiOjIuNX19fQ:1sbjnl:QtSeQm9cR_JXWBYmFkmy9XRHBizpCnrJ0pQrf9hgJNQ", "expire_date": "2024-08-21T16:46:17.774Z"}}, {"model": "sessions.session", "pk": "c5lvl2t96b8jo37truxewmb5zjk358hz", "fields": {"session_data": "eyJzYXZlX2luZm8iOmZhbHNlfQ:1sbkM6:g0NqiAhTwNHwjZhcHPSDUfy0Flt8K236tc-HxvitfYI", "expire_date": "2024-08-21T17:21:46.069Z"}}, {"model": "sessions.session", "pk": "ddqhyibz67dn86x2l04lyljsybedut1y", "fields": {"session_data": "eyJzYXZlX2luZm8iOmZhbHNlfQ:1sbk7o:MgOHFuksWsgWWU01Tk4ssK3xPsYxTRh-goR5Rs6wQwE", "expire_date": "2024-08-21T17:07:00.575Z"}}, {"model": "sessions.session", "pk": "irn4egl8pigyu4xlc17jnmyp4v77d90x", "fields": {"session_data": ".eJwtjMEOgyAQBf9lz2aJ9VQ-oP_x3KLSsIhA07SGf68mXuYwycxOglzJ7nTrT0aoI0sP5AkhOOrIK-ZTLbWmYo0ZXQiQt4iP4DIwFL814lNYVjXqnh5munJ-pflYbPVLtu8oZS_HauB7a-0PsQEo3g:1sbkSx:CmVJauX0VBDRs2NU6I1foGK3zeoRHMXIyEk1ktalb8s", "expire_date": "2024-08-21T17:28:51.504Z"}}, {"model": "sessions.session", "pk": "p8mr7fp9xff5rmvgjlsbzo4nkz0ndals", "fields": {"session_data": ".eJxVjEEOgjAQRe_StWlKy4Bl6d4zNDPTqaCkTSi4Md5dSdiw_e-9_1EV3xKmnIoaEs5VLirgto5hq7KEKapBWXXaCPkleQfxiflRNJe8LhPpXdEHrfpeosy3wz0djFjHfw3OOO6g74mIk7fknTWGbR-hddZ5w75B4lY68NZzc02IDUhrGMBFQfX9AVfaPgA:1sblCn:GgtQYR9ZfJmSlsTBsEV4bNlFllK7YMMOcaxSnpRlH_c", "expire_date": "2024-08-21T18:16:13.704Z"}}, {"model": "sessions.session", "pk": "tosjj9w3a54o8nruqj2gql469mpms4nd", "fields": {"session_data": ".eJwtjMEOgyAQBf9lz2aJ9VQ-oP_x3KLSsIhA07SGf68mXuYwycxOglzJ7nTrT0aoI0sP5AkhOOrIK-ZTLbWmYo0ZXQiQt4iP4DIwFL814lNYVjXqnh5munJ-pflYbPVLtu8oZS_HauB7a-0PsQEo3g:1sbkFj:GtcMCyCe68NkgviG9qXwoc0tmJxu4SBhWSc0YFFQiB4", "expire_date": "2024-08-21T17:15:11.599Z"}}, {"model": "sessions.session", "pk": "wdhcbco0pev3qbryueyv0t6126qj3nwi", "fields": {"session_data": ".eJxVjT1ygzAQhe-yNSNAQiaiTJ8qB2BWqwXkgCBI2JN4uHtgxincvOL9fO8BEW_c-tDN0HQ4Rs6AcE3QPKA8JeDE0MDngv3AKXnIwE_Yn96Q0hKbPLc8jkgbkQ8oohI44e8c8B4FzVM-sfOYx_-9uC79wfhOP9CUGSyrp4OlhN73DFrc0tBukdfWu-NBwotnkb44nIG7Yujngx_S6q04K-KZRvExOx7fn90XwIBxONZaFYouuq6ttdQZaY2SRUGydrpSUpmCTImWKr5oIw2Vbx1iqbkqSGvlGGH_A6CRZvM:1sblGr:s0s-rxEuEQ_hUH4Tpyt_DEWUqoy7dRPdWFUYCNKDmHU", "expire_date": "2024-08-21T18:20:25.666Z"}}, {"model": "sites.site", "pk": 1, "fields": {"domain": "example.com", "name": "example.com"}}, {"model": "account.emailaddress", "pk": 1, "fields": {"user": 1, "email": "fidih57304@biscoine.com", "verified": false, "primary": true}}, {"model": "products.category", "pk": 1, "fields": {"name": "Pasta", "notes": "Hand made pasta for all homecooking needs", "slug": "", "friendly_name": "Pasta"}}, {"model": "products.category", "pk": 2, "fields": {"name": "Fresh Produce", "notes": "Fresh produce from the farmers straight to the table", "slug": "", "friendly_name": "Fresh Product"}}, {"model": "products.category", "pk": 3, "fields": {"name": "Cured Meats", "notes": "Best cured meats that Italy has to offer", "slug": "", "friendly_name": "Cured Meats"}}, {"model": "products.product", "pk": 1, "fields": {"category": 1, "item_no": "P001", "name": "Spaghetti", "description": "Classic Italian spaghetti made from durum wheat.", "price": "3.50", "weight": 500, "image_url": "", "image": "spaghetti.jpg"}}, {"model": "products.product", "pk": 2, "fields": {"category": 1, "item_no": "P002", "name": "Penne Rigate", "description": "Penne pasta with ridges to hold more sauce.", "price": "4.00", "weight": 500, "image_url": "", "image": "penne_rigate.jpg"}}, {"model": "products.product", "pk": 3, "fields": {"category": 1, "item_no": "P003", "name": "Linguine", "description": "Long, flat pasta perfect for seafood dishes.", "price": "3.75", "weight": 500, "image_url": "", "image": "linguine.jpg"}}, {"model": "products.product", "pk": 4, "fields": {"category": 3, "item_no": "C001", "name": "Salami Milano", "description": "Fine-grained pork salami from Milan.", "price": "8.00", "weight": 200, "image_url": "", "image": "salami_milano.jpg"}}, {"model": "products.product", "pk": 5, "fields": {"category": 3, "item_no": "C002", "name": "Mortadella", "description": "Classic Italian cold cut with a delicate flavor.", "price": "7.50", "weight": 250, "image_url": "", "image": "mortadella.jpg"}}, {"model": "products.product", "pk": 6, "fields": {"category": 3, "item_no": "C003", "name": "Bresaola", "description": "Air-dried, salted beef from Valtellina.", "price": "10.00", "weight": 150, "image_url": "", "image": "bresaola.jpg"}}, {"model": "products.product", "pk": 7, "fields": {"category": 2, "item_no": "F001", "name": "Cherry Tomatoes", "description": "Fresh cherry tomatoes.", "price": "5.50", "weight": 150, "image_url": "", "image": "cherry_tomatoes.jpg"}}, {"model": "products.product", "pk": 8, "fields": {"category": 2, "item_no": "F002", "name": "Arugula", "description": "Fresh and peppery arugula.", "price": "4.00", "weight": 100, "image_url": "", "image": "arugula.jpg"}}, {"model": "products.product", "pk": 9, "fields": {"category": 2, "item_no": "F003", "name": "Zucchini", "description": "Fresh organic zucchini.", "price": "3.00", "weight": 200, "image_url": "", "image": "zucchini.jpg"}}, {"model": "products.product", "pk": 10, "fields": {"category": 1, "item_no": "P004", "name": "Fusilli", "description": "Spiral-shaped pasta ideal for hearty sauces.", "price": "3.80", "weight": 500, "image_url": "", "image": "fusilli.jpg"}}, {"model": "products.product", "pk": 11, "fields": {"category": 1, "item_no": "P005", "name": "Tagliatelle", "description": "Flat ribbon pasta, great for Bolognese sauce.", "price": "4.20", "weight": 500, "image_url": "", "image": "tagliatelle.jpg"}}, {"model": "products.product", "pk": 12, "fields": {"category": 3, "item_no": "C004", "name": "Prosciutto Crudo", "description": "Dry-cured Italian ham, thinly sliced.", "price": "12.00", "weight": 200, "image_url": "", "image": "prosciutto_crudo.jpg"}}, {"model": "products.product", "pk": 13, "fields": {"category": 3, "item_no": "C005", "name": "Pancetta", "description": "Italian bacon made from pork belly.", "price": "9.00", "weight": 150, "image_url": "", "image": "pancetta.jpg"}}, {"model": "products.product", "pk": 14, "fields": {"category": 3, "item_no": "C006", "name": "Coppa", "description": "Cured pork shoulder or neck, dry-cured.", "price": "11.00", "weight": 180, "image_url": "", "image": "coppa.jpg"}}, {"model": "products.product", "pk": 15, "fields": {"category": 2, "item_no": "F004", "name": "Bell Peppers", "description": "Fresh, colorful bell peppers.", "price": "3.50", "weight": 250, "image_url": "", "image": "bell_peppers.jpg"}}, {"model": "products.product", "pk": 16, "fields": {"category": 2, "item_no": "F005", "name": "Basil", "description": "Fresh basil leaves, perfect for pesto.", "price": "2.50", "weight": 50, "image_url": "", "image": "basil.jpg"}}, {"model": "products.product", "pk": 17, "fields": {"category": 2, "item_no": "F006", "name": "Eggplant", "description": "Fresh organic eggplant.", "price": "4.00", "weight": 300, "image_url": "", "image": "eggplant.jpg"}}, {"model": "products.product", "pk": 18, "fields": {"category": 1, "item_no": "P006", "name": "Orecchiette", "description": "Ear-shaped pasta from Puglia.", "price": "4.50", "weight": 500, "image_url": "", "image": "orecchiette.jpg"}}, {"model": "products.product", "pk": 19, "fields": {"category": 3, "item_no": "C007", "name": "Speck", "description": "Smoked, dry-cured ham from the Alps.", "price": "10.00", "weight": 200, "image_url": "", "image": "speck.jpg"}}, {"model": "products.product", "pk": 20, "fields": {"category": 1, "item_no": "P007", "name": "Rigatoni", "description": "Large, ridged pasta tubes perfect for chunky sauces.", "price": "4.00", "weight": 500, "image_url": "", "image": "rigatoni.jpg"}}, {"model": "products.product", "pk": 21, "fields": {"category": 1, "item_no": "P008", "name": "Farfalle", "description": "Bow-tie shaped pasta, great for salads.", "price": "3.90", "weight": 500, "image_url": "", "image": "farfalle.jpg"}}, {"model": "checkout.order", "pk": 1, "fields": {"order_number": "9C2FCF2705774E4DBF5408DAC47126FC", "user_profile": null, "full_name": "h", "email": "hi@hi.com", "phone_number": "9897", "country": "JM", "postcode": null, "town_or_city": "j", "street_address1": "j", "street_address2": null, "county": "j", "date": "2024-08-07T16:54:51.727Z", "order_total": "4.00", "grand_total": "4.00", "original_cart": "{\"2\": {\"name\": \"Penne Rigate\", \"image\": \"/media/penne_rigate.jpg\", \"qty\": 1, \"price\": 4.0}}", "stripe_pid": "pi_3PlD8AHm86RGK6pp0U9SVGQE"}}, {"model": "checkout.order", "pk": 2, "fields": {"order_number": "AF252AC108AB4E25843407C90642CB96", "user_profile": null, "full_name": "h", "email": "j@j.com", "phone_number": "98", "country": "HT", "postcode": "h", "town_or_city": "h", "street_address1": "h", "street_address2": "h", "county": "h", "date": "2024-08-07T17:07:00.473Z", "order_total": "4.00", "grand_total": "4.00", "original_cart": "{\"2\": {\"name\": \"Penne Rigate\", \"image\": \"https://bellacuccina.s3.amazonaws.com/media/penne_rigate.jpg\", \"qty\": 1, \"price\": 4.0}}", "stripe_pid": "pi_3PlDJtHm86RGK6pp10bOCxKR"}}, {"model": "checkout.order", "pk": 3, "fields": {"order_number": "6B1B1165AA584123801B8352A5FA2B58", "user_profile": null, "full_name": "h", "email": "hi@hi.com", "phone_number": "78", "country": "JM", "postcode": null, "town_or_city": "j", "street_address1": "j", "street_address2": null, "county": "j", "date": "2024-08-07T17:21:45.944Z", "order_total": "4.00", "grand_total": "4.00", "original_cart": "{\"2\": {\"name\": \"Penne Rigate\", \"image\": \"https://bellacuccina.s3.amazonaws.com/media/penne_rigate.jpg\", \"qty\": 1, \"price\": 4.0}}", "stripe_pid": "pi_3PlDYEHm86RGK6pp1jOWJpTl"}}, {"model": "checkout.order", "pk": 4, "fields": {"order_number": "740276321E3148CE89818CA72B943B1F", "user_profile": null, "full_name": "ahdg", "email": "hi@hi.com", "phone_number": "12345665", "country": "GB", "postcode": "gl6754dj", "town_or_city": "chelten", "street_address1": "12 west way", "street_address2": null, "county": null, "date": "2024-08-07T17:32:41.688Z", "order_total": "8.00", "grand_total": "8.00", "original_cart": "{\"4\": {\"name\": \"Salami Milano\", \"image\": \"https://bellacuccina.s3.amazonaws.com/media/salami_milano.jpg\", \"qty\": 1, \"price\": 8.0}}", "stripe_pid": "pi_3PlDiMHm86RGK6pp1JLZRNCk"}}, {"model": "checkout.order", "pk": 5, "fields": {"order_number": "ACD198E20558476FA4FA05CDFC478CB6", "user_profile": null, "full_name": "dgfhgh", "email": "hi@hi.com", "phone_number": "16254584652", "country": "GB", "postcode": "gl8937hg", "town_or_city": "chelt", "street_address1": "24west", "street_address2": null, "county": null, "date": "2024-08-07T17:55:05.802Z", "order_total": "11.75", "grand_total": "11.75", "original_cart": "{\"4\": {\"name\": \"Salami Milano\", \"image\": \"https://bellacuccina.s3.amazonaws.com/media/salami_milano.jpg\", \"qty\": 1, \"price\": 8.0}, \"3\": {\"name\": \"Linguine\", \"image\": \"https://bellacuccina.s3.amazonaws.com/media/linguine.jpg\", \"qty\": 1, \"price\": 3.75}}", "stripe_pid": "pi_3PlE46Hm86RGK6pp1lWchWpZ"}}, {"model": "checkout.order", "pk": 6, "fields": {"order_number": "C128BFAE18124A23AD7234B7A5DF8494", "user_profile": null, "full_name": "shfbghgh", "email": "km@km.com", "phone_number": "172364561536", "country": "UG", "postcode": "dfggsh", "town_or_city": "sbdghyry", "street_address1": "dgdtt", "street_address2": "hsvg", "county": null, "date": "2024-08-07T17:55:52.144Z", "order_total": "9.50", "grand_total": "9.50", "original_cart": "{\"7\": {\"name\": \"Cherry Tomatoes\", \"image\": \"https://bellacuccina.s3.amazonaws.com/media/cherry_tomatoes.jpg\", \"qty\": 1, \"price\": 5.5}, \"8\": {\"name\": \"Arugula\", \"image\": \"https://bellacuccina.s3.amazonaws.com/media/arugula.jpg\", \"qty\": 1, \"price\": 4.0}}", "stripe_pid": "pi_3PlE4yHm86RGK6pp0GrS6O28"}}, {"model": "checkout.order", "pk": 7, "fields": {"order_number": "7E51B1073CC74DC99AFAECF36109B069", "user_profile": null, "full_name": "a", "email": "a@a.com", "phone_number": "0", "country": "HT", "postcode": "0", "town_or_city": "0", "street_address1": "0", "street_address2": "0", "county": "0", "date": "2024-08-07T18:00:17.636Z", "order_total": "3.50", "grand_total": "3.50", "original_cart": "{\"1\": {\"name\": \"Spaghetti\", \"image\": \"https://bellacuccina.s3.amazonaws.com/media/spaghetti.jpg\", \"qty\": 1, \"price\": 3.5}}", "stripe_pid": "pi_3PlE8jHm86RGK6pp1KifH3Lb"}}, {"model": "checkout.order", "pk": 8, "fields": {"order_number": "E496D9A159F8444AB9BAF6CA426FA7A0", "user_profile": null, "full_name": "djufbhh", "email": "hhjjs@mail.com", "phone_number": "995887564489", "country": "AE", "postcode": null, "town_or_city": "xhhjdj", "street_address1": "12 eyrty", "street_address2": null, "county": null, "date": "2024-08-07T18:01:33.274Z", "order_total": "17.50", "grand_total": "17.50", "original_cart": "{\"5\": {\"name\": \"Mortadella\", \"image\": \"https://bellacuccina.s3.amazonaws.com/media/mortadella.jpg\", \"qty\": 1, \"price\": 7.5}, \"19\": {\"name\": \"Speck\", \"image\": \"https://bellacuccina.s3.amazonaws.com/media/speck.jpg\", \"qty\": 1, \"price\": 10.0}}", "stripe_pid": "pi_3PlEASHm86RGK6pp1SamWYFX"}}, {"model": "checkout.order", "pk": 9, "fields": {"order_number": "52806B52AFAE4F399234F3E07CF6D60C", "user_profile": null, "full_name": "sadioads", "email": "nsclnvlsd@mail.com", "phone_number": "e39399", "country": "HT", "postcode": null, "town_or_city": "sdkdn", "street_address1": "o292", "street_address2": null, "county": null, "date": "2024-08-07T18:07:23.596Z", "order_total": "8.00", "grand_total": "8.00", "original_cart": "{\"4\": {\"name\": \"Salami Milano\", \"image\": \"https://bellacuccina.s3.amazonaws.com/media/salami_milano.jpg\", \"qty\": 1, \"price\": 8.0}}", "stripe_pid": "pi_3PlEGDHm86RGK6pp10QpCbEa"}}, {"model": "checkout.order", "pk": 10, "fields": {"order_number": "1860314AEBFB4AA2ADE222BCFE4E969D", "user_profile": null, "full_name": "ueyeyy", "email": "ndhyud@mail.com", "phone_number": "283664", "country": "HT", "postcode": null, "town_or_city": "djndb", "street_address1": "ksidnb", "street_address2": "jsjfn", "county": null, "date": "2024-08-07T18:08:59.630Z", "order_total": "4.00", "grand_total": "4.00", "original_cart": "{\"2\": {\"name\": \"Penne Rigate\", \"image\": \"https://bellacuccina.s3.amazonaws.com/media/penne_rigate.jpg\", \"qty\": 1, \"price\": 4.0}}", "stripe_pid": "pi_3PlEH1Hm86RGK6pp0jnut6Rb"}}, {"model": "checkout.order", "pk": 11, "fields": {"order_number": "690FEAE2C74849DDA1830B9DC2133979", "user_profile": null, "full_name": "s9e88yh", "email": "kdndn@mail.xom", "phone_number": "su82ub", "country": "HT", "postcode": null, "town_or_city": "jbnsj", "street_address1": "bnsiuib", "street_address2": "ishbb", "county": null, "date": "2024-08-07T18:10:11.745Z", "order_total": "7.50", "grand_total": "7.50", "original_cart": "{\"5\": {\"name\": \"Mortadella\", \"image\": \"https://bellacuccina.s3.amazonaws.com/media/mortadella.jpg\", \"qty\": 1, \"price\": 7.5}}", "stripe_pid": "pi_3PlEIsHm86RGK6pp1dEBYt8Z"}}, {"model": "checkout.order", "pk": 12, "fields": {"order_number": "5E6E9BE7BF314F5CBB59BF031A1A9620", "user_profile": null, "full_name": "sosjn", "email": "jshgyf@mail.com", "phone_number": "827t6356", "country": "HT", "postcode": "ifnenwui", "town_or_city": "bkdofj", "street_address1": "jd dhush", "street_address2": "nsdfiu", "county": null, "date": "2024-08-07T18:10:50.774Z", "order_total": "7.50", "grand_total": "7.50", "original_cart": "{\"5\": {\"name\": \"Mortadella\", \"image\": \"https://bellacuccina.s3.amazonaws.com/media/mortadella.jpg\", \"qty\": 1, \"price\": 7.5}}", "stripe_pid": "pi_3PlEJVHm86RGK6pp0taRyiMs"}}, {"model": "checkout.order", "pk": 13, "fields": {"order_number": "C86128ACDEFC43FF86A5D25C4FA40F21", "user_profile": null, "full_name": "si89e98", "email": "nxbnu@mail.com", "phone_number": "o90039934i9j", "country": "HT", "postcode": "ihoihpojnoi", "town_or_city": "oijkob", "street_address1": "u90-oinkjh", "street_address2": "nkhpo", "county": null, "date": "2024-08-07T18:11:57.309Z", "order_total": "7.50", "grand_total": "7.50", "original_cart": "{\"5\": {\"name\": \"Mortadella\", \"image\": \"https://bellacuccina.s3.amazonaws.com/media/mortadella.jpg\", \"qty\": 1, \"price\": 7.5}}", "stripe_pid": "pi_3PlEKaHm86RGK6pp0KbhrAJm"}}, {"model": "checkout.order", "pk": 14, "fields": {"order_number": "D00EA1BFDEC04E8F9FFCAF60CC492084", "user_profile": null, "full_name": "test", "email": "test@tset.com", "phone_number": "test", "country": "IE", "postcode": "test", "town_or_city": "test", "street_address1": "test", "street_address2": "test", "county": null, "date": "2024-08-07T18:14:03.408Z", "order_total": "3.50", "grand_total": "3.50", "original_cart": "{\"1\": {\"name\": \"Spaghetti\", \"image\": \"https://bellacuccina.s3.amazonaws.com/media/spaghetti.jpg\", \"qty\": 1, \"price\": 3.5}}", "stripe_pid": "pi_3PlEMfHm86RGK6pp1785etiD"}}, {"model": "checkout.order", "pk": 15, "fields": {"order_number": "B5C47F85770A4E3BBEA5C08959EB931B", "user_profile": null, "full_name": "wqdo-iernw", "email": "sdhfghf@mail.com", "phone_number": "89384y`u84", "country": "GL", "postcode": "kbnkjh", "town_or_city": "lkbiojp", "street_address1": "89enkdjb", "street_address2": "lknknp", "county": null, "date": "2024-08-07T18:14:49.531Z", "order_total": "7.50", "grand_total": "7.50", "original_cart": "{\"5\": {\"name\": \"Mortadella\", \"image\": \"https://bellacuccina.s3.amazonaws.com/media/mortadella.jpg\", \"qty\": 1, \"price\": 7.5}}", "stripe_pid": "pi_3PlENLHm86RGK6pp0VrJ1u10"}}, {"model": "checkout.order", "pk": 16, "fields": {"order_number": "43F74D70FCA74A0AA68AF3EC21586849", "user_profile": null, "full_name": "test", "email": "test@test.com", "phone_number": "test", "country": "IE", "postcode": "test", "town_or_city": "test", "street_address1": "test", "street_address2": "test", "county": "a", "date": "2024-08-07T18:15:01.565Z", "order_total": "3.50", "grand_total": "3.50", "original_cart": "{\"1\": {\"name\": \"Spaghetti\", \"image\": \"https://bellacuccina.s3.amazonaws.com/media/spaghetti.jpg\", \"qty\": 1, \"price\": 3.5}}", "stripe_pid": "pi_3PlENXHm86RGK6pp0I48IyiN"}}, {"model": "checkout.order", "pk": 17, "fields": {"order_number": "CA0DD810D6B8461D8216F81EC091552A", "user_profile": null, "full_name": "test", "email": "test@test.com", "phone_number": "test", "country": "IE", "postcode": "test", "town_or_city": "test", "street_address1": "test", "street_address2": "test", "county": "aa", "date": "2024-08-07T18:20:17.837Z", "order_total": "0.00", "grand_total": "0.00", "original_cart": "", "stripe_pid": ""}}, {"model": "checkout.orderlineitem", "pk": 1, "fields": {"order": 1, "product": 2, "quantity": 1, "lineitem_total": "4.00"}}, {"model": "checkout.orderlineitem", "pk": 2, "fields": {"order": 2, "product": 2, "quantity": 1, "lineitem_total": "4.00"}}, {"model": "checkout.orderlineitem", "pk": 3, "fields": {"order": 3, "product": 2, "quantity": 1, "lineitem_total": "4.00"}}, {"model": "checkout.orderlineitem", "pk": 4, "fields": {"order": 4, "product": 4, "quantity": 1, "lineitem_total": "8.00"}}, {"model": "checkout.orderlineitem", "pk": 5, "fields": {"order": 5, "product": 4, "quantity": 1, "lineitem_total": "8.00"}}, {"model": "checkout.orderlineitem", "pk": 6, "fields": {"order": 5, "product": 3, "quantity": 1, "lineitem_total": "3.75"}}, {"model": "checkout.orderlineitem", "pk": 7, "fields": {"order": 6, "product": 7, "quantity": 1, "lineitem_total": "5.50"}}, {"model": "checkout.orderlineitem", "pk": 8, "fields": {"order": 6, "product": 8, "quantity": 1, "lineitem_total": "4.00"}}, {"model": "checkout.orderlineitem", "pk": 9, "fields": {"order": 7, "product": 1, "quantity": 1, "lineitem_total": "3.50"}}, {"model": "checkout.orderlineitem", "pk": 10, "fields": {"order": 8, "product": 5, "quantity": 1, "lineitem_total": "7.50"}}, {"model": "checkout.orderlineitem", "pk": 11, "fields": {"order": 8, "product": 19, "quantity": 1, "lineitem_total": "10.00"}}, {"model": "checkout.orderlineitem", "pk": 12, "fields": {"order": 9, "product": 4, "quantity": 1, "lineitem_total": "8.00"}}, {"model": "checkout.orderlineitem", "pk": 13, "fields": {"order": 10, "product": 2, "quantity": 1, "lineitem_total": "4.00"}}, {"model": "checkout.orderlineitem", "pk": 14, "fields": {"order": 11, "product": 5, "quantity": 1, "lineitem_total": "7.50"}}, {"model": "checkout.orderlineitem", "pk": 15, "fields": {"order": 12, "product": 5, "quantity": 1, "lineitem_total": "7.50"}}, {"model": "checkout.orderlineitem", "pk": 16, "fields": {"order": 13, "product": 5, "quantity": 1, "lineitem_total": "7.50"}}, {"model": "checkout.orderlineitem", "pk": 17, "fields": {"order": 14, "product": 1, "quantity": 1, "lineitem_total": "3.50"}}, {"model": "checkout.orderlineitem", "pk": 18, "fields": {"order": 15, "product": 5, "quantity": 1, "lineitem_total": "7.50"}}, {"model": "checkout.orderlineitem", "pk": 19, "fields": {"order": 16, "product": 1, "quantity": 1, "lineitem_total": "3.50"}}, {"model": "customer_profile.customerprofile", "pk": 1, "fields": {"user": 1, "default_phone_number": null, "default_country": null, "default_postcode": null, "default_town_or_city": null, "default_street_address1": null, "default_street_address2": null, "default_county": null}}, {"model": "customer_profile.customerprofile", "pk": 2, "fields": {"user": 2, "default_phone_number": null, "default_country": null, "default_postcode": null, "default_town_or_city": null, "default_street_address1": null, "default_street_address2": null, "default_county": null}}]